Question,Options,Answer
Which cardiovascular complications are directly associated with FGF23 excess?,"{""A"": ""Atherosclerosis"", ""B"": ""Left ventricular hypertrophy"", ""C"": ""Atrial fibrillation"", ""D"": ""Heart failure""}",BCD
Which miRNA directly targets DNMT1 and reactivates tumor suppressor genes like KLF4 and E-cadherin in PDAC cells?,"{""A"": ""miR-152"", ""B"": ""miR-148a"", ""C"": ""miR-377"", ""D"": ""miR-17-92""}",C
Which factors contribute to impaired nuclear translocation of GRα in secondary GCR?,"{""A"": ""Increased FKBP51 expression"", ""B"": ""Reduced MUC1 levels"", ""C"": ""Overexpression of PP2A"", ""D"": ""Elevated HSP90 in the cytoplasm""}",ABD
Which therapy reduces mast cell burden by targeting CD117?,"{""A"": ""Omalizumab"", ""B"": ""Barzolvolimab"", ""C"": ""Lirentelimab"", ""D"": ""Cladribine""}",B
Which genomic alterations are associated with hyperactivation of the CDK4/6 pathway in cancer?,"{""A"": ""CCND1 amplification"", ""B"": ""CDKN2A deletion"", ""C"": ""CDK6 mutations"", ""D"": ""RB1 amplification""}",AB
Which domain of PIK3CA is mutated most frequently in endometrial cancer compared to other cancers?,"{""A"": ""Kinase domain"", ""B"": ""Helical domain"", ""C"": ""Adaptor-binding domain (ABD)"", ""D"": ""C2 domain""}",C
What effects does AMD3100 have in preclinical fibrosis models?,"{""A"": ""Reduces collagen deposition"", ""B"": ""Increases regulatory T cells"", ""C"": ""Worsens hepatic necrosis"", ""D"": ""Improves diastolic function""}",ABD
Which malignancies are associated with IDH1 mutations? Select all that apply.,"{""A"": ""Chondrosarcoma"", ""B"": ""Melanoma"", ""C"": ""Thyroid cancer"", ""D"": ""Colorectal cancer""}",ABC
Which of the following AR agonists are steroid-based?,"{""A"": ""Testosterone"", ""B"": ""Dihydrotestosterone (DHT)"", ""C"": ""Oxandrolone"", ""D"": ""Methyl testosterone""}",ABCD
In which cellular compartment is hCD33m predominantly localized?,"{""A"": ""Cell surface"", ""B"": ""Lysosomes"", ""C"": ""Peroxisomes"", ""D"": ""Nucleus""}",C
Which PPAR agonist is currently in Phase III trials for NASH? [as of 2023],"{""A"": ""Saroglitazar"", ""B"": ""Lanifibranor"", ""C"": ""Elafibranor""}",B
Which DRD2 inhibitor is associated with bronchospasm risk?,"{""A"": ""Loxapine"", ""B"": ""Haloperidol"", ""C"": ""Olanzapine"", ""D"": ""Risperidone""}",A
Toxicities commonly associated with pan-PI3K inhibitors include: (Select all that apply),"{""A"": ""Hyperglycemia"", ""B"": ""Pneumonitis"", ""C"": ""Hypertension"", ""D"": ""Rash""}",ABD
What is the key metabolic pathway affected by TRPV1 modulation?,"{""A"": ""Glycolysis"", ""B"": ""Purine metabolism"", ""C"": ""Fatty acid oxidation"", ""D"": ""Urea cycle""}",B
Which of the following is a therapeutic vulnerability of IDH1-mutant cells?,"{""A"": ""High NADPH levels"", ""B"": ""Reduced NAD+ levels"", ""C"": ""Enhanced DNA repair capacity"", ""D"": ""Increased glutamine dependency""}",B
Which cytokine's production is increased in EZH2-deficient Tregs?,"{""A"": ""IL-10"", ""B"": ""IFN-γ"", ""C"": ""TGF-β"", ""D"": ""IL-2""}",BD
"In castration-resistant prostate cancer (CRPC), MAOA expression is upregulated by approximately?","{""A"": ""2-fold"", ""B"": ""4-fold"", ""C"": ""10-fold"", ""D"": ""Equal to HSPC""}",B
Which factors complicate the amyloid hypothesis? (Select all that apply.),"{""A"": ""Coexisting TDP-43 pathology"", ""B"": ""APOE ε4 genotype"", ""C"": ""Neuroinflammation"", ""D"": ""Host resilience/resistance""}",ABCD
Which FAK inhibitors are classified as dual FAK/PYK2 inhibitors? (Select all that apply),"{""A"": ""Defactinib (VS-6063)"", ""B"": ""IN10018"", ""C"": ""PF-562,271"", ""D"": ""GSK2256098""}",AC
Which BTK isoform is implicated in cisplatin resistance in ovarian cancer?,"{""A"": ""BTK-A"", ""B"": ""p65BTK"", ""C"": ""BTK-C"", ""D"": ""All isoforms""}",A
Which CYP2D6 phenotype is MOST likely to experience toxicity from codeine?,"{""A"": ""PM"", ""B"": ""IM"", ""C"": ""NM"", ""D"": ""UM""}",D
Which biomarkers are discussed as potential predictors of immunotherapy response in TNBC? (Select all that apply),"{""A"": ""Microsatellite instability (MSI)"", ""B"": ""Tumor-infiltrating lymphocytes (TILs)"", ""C"": ""BRCA1/2 mutations"", ""D"": ""Androgen receptor expression""}",AB
(As of 2023) Which biomarkers are used to assess CFTR modulator efficacy?,"{""A"": ""Sweat chloride levels"", ""B"": ""Nasal potential difference"", ""C"": ""Sputum neutrophil elastase"", ""D"": ""Intestinal organoid swelling""}",ABCD
Which diseases are linked to DRD2 dysfunction?,"{""A"": ""Schizophrenia"", ""B"": ""Alzheimer’s disease"", ""C"": ""Bipolar disorder"", ""D"": ""Parkinson’s disease""}",ACD
Which KRAS G12C inhibitors are currently in clinical development (as of 2024)?,"{""A"": ""Sotorasib"", ""B"": ""Adagrasib"", ""C"": ""Divarasib"", ""D"": ""MRTX1133""}",ABC
"As of 2022, which diseases are potential therapeutic targets for ADORA2A antagonists? (Select all that apply.)","{""A"": ""Parkinson’s disease"", ""B"": ""Alzheimer’s disease"", ""C"": ""Atrial fibrillation"", ""D"": ""Asthma""}",ABC
Which resistance mechanisms to KRAS G12C inhibitors are observed in clinical studies? (Select all that apply),"{""A"": ""Secondary KRAS mutations (e.g., Y96D)"", ""B"": ""Amplification of wild-type RAS isoforms"", ""C"": ""Activation of bypass RTKs (e.g., EGFR)"", ""D"": ""Loss of PD-L1 expression""}",ABC
What is a key safety feature of Dau-d4?,"{""A"": ""Systemic absorption"", ""B"": ""Gut-restricted activity"", ""C"": ""Broad-spectrum antimicrobial effects""}",B
Which DRD2 inhibitors are associated with metabolic syndrome risks? [as of 2024],"{""A"": ""Olanzapine"", ""B"": ""Ziprasidone"", ""C"": ""Quetiapine"", ""D"": ""Lurasidone""}",AC
Which drug is under investigation for chronic urticaria and induces systemic mast cell ablation [as of 2024]? (select one),"{""A"": ""Lirentelimab"", ""B"": ""Barzolvolimab"", ""C"": ""Omalizumab"", ""D"": ""Remibrutinib""}",B
Which FLT3 mutation confers resistance to both Type I and Type II inhibitors?,"{""A"": ""FLT3-ITD"", ""B"": ""D835Y"", ""C"": ""F691L"", ""D"": ""NPM1 co-mutation""}",C
What is the primary mechanism by which CTLA-4+ ILC3s regulate CD80 expression on myeloid cells in the intestine?,"{""A"": ""Direct degradation of CD80 via enzymatic activity"", ""B"": ""Trogocytosis-mediated reduction of CD80"", ""C"": ""Transcriptional suppression of CD80 genes"", ""D"": ""Blocking CD80 synthesis through cytokine secretion""}",B
"In atrial fibrillation, abnormal calcium handling in human cardiomyocytes is linked to:","{""A"": ""Downregulation of ADORA2A"", ""B"": ""Upregulation of ADORA2A"", ""C"": ""Loss of ADORA1 expression"", ""D"": ""Activation of ADA1""}",B
What is the primary enzymatic role of DNMT1 in pancreatic cancer?,"{""A"": ""Establish de novo DNA methylation patterns"", ""B"": ""Maintain DNA methylation during replication"", ""C"": ""Demethylate tumor suppressor genes"", ""D"": ""Degrade methylated DNA regions""}",B
Which CD19 loop is contacted by FMC63’s VL domain?,"{""A"": ""Loop 1"", ""B"": ""Loop 2"", ""C"": ""Loop 3"", ""D"": ""None""}",A
Which FLT3 inhibitor is irreversibly bound to C695?,"{""A"": ""FF-10101"", ""B"": ""CG806"", ""C"": ""HM43239"", ""D"": ""Gilteritinib""}",A
Which TKIs are in phase 2/3 trials for non-advanced systemic mastocytosis? [as of 2024],"{""A"": ""Elenestinib"", ""B"": ""Bezualestinib"", ""C"": ""Imatinib"", ""D"": ""Masitinib""}",AB
Which cellular processes are disrupted by mutant IDH1? Select all that apply.,"{""A"": ""Epigenetic regulation"", ""B"": ""Glycolysis"", ""C"": ""Cellular differentiation"", ""D"": ""NADPH production""}",ACD
What is the primary mechanism of Maraviroc in Alzheimer's disease models?,"{""A"": ""Inhibits Aβ production"", ""B"": ""Blocks CCR5-mediated neuroinflammation"", ""C"": ""Enhances Tau degradation"", ""D"": ""Promotes microglial apoptosis""}",B
Which antipsychotics show significant 5-HT2AR antagonism? (Select all that apply.),"{""A"": ""Haloperidol"", ""B"": ""Clozapine"", ""C"": ""Risperidone"", ""D"": ""Amisulpride""}",BC
Which mitochondrial proteins are regulated by IGF1R to reduce oxidative stress?,"{""A"": ""UCP3"", ""B"": ""CPT1A"", ""C"": ""Mul1"", ""D"": ""NADPH oxidase""}",AC
Which assay is most commonly used for PD-L1 testing in NSCLC trials?,"{""A"": ""Ventana SP142"", ""B"": ""Dako 22C3"", ""C"": ""Ventana SP263"", ""D"": ""Dako 28-8""}",B
In which cell type is NOD2 NOT expressed?,"{""A"": ""Macrophages"", ""B"": ""Endothelial cells"", ""C"": ""Neurons"", ""D"": ""Pancreatic beta cells""}",D
Which of the following polymorphisms in NR3C1 is associated with INCREASED glucocorticoid sensitivity?,"{""A"": ""ER22/23EK"", ""B"": ""N363S"", ""C"": ""GR-9β"", ""D"": ""BclI""}",BD
Which TKI primarily targets wild-type KIT?,"{""A"": ""Avapritinib"", ""B"": ""Masitinib"", ""C"": ""Midostaurin"", ""D"": ""Imatinib""}",B
Which VWD subtype is characterized by a gain-of-function mutation in the VWF A1 domain?,"{""A"": ""Type 2A"", ""B"": ""Type 2B"", ""C"": ""Type 2M"", ""D"": ""Type 2N""}",B
Which clinical manifestations are associated with primary GCR due to NR3C1 mutations? (Select all apply),"{""A"": ""Hypertension"", ""B"": ""Hypokalemic alkalosis"", ""C"": ""Obesity"", ""D"": ""Hirsutism"", ""E"": ""Hyperglycemia""}",ABD
Which factor contributes to the heterogeneous response to sitagliptin in T2D patients?,"{""A"": ""Variability in hDPP4 expression"", ""B"": ""Differences in gut microbial DPP4 activity"", ""C"": ""Dietary habits of patients""}",B
What is the primary challenge in CA4 monotherapy?,"{""A"": ""Rapid metabolism"", ""B"": ""Residual viable tumor rim post-treatment"", ""C"": ""High production cost"", ""D"": ""Poor oral bioavailability""}",B
Which of the following are resistance mechanisms to mutant IDH1 inhibitors? Select all that apply.,"{""A"": ""Loss of heterozygosity (LOH) of the mutant allele"", ""B"": ""Emergence of second-site IDH1 mutations"", ""C"": ""Upregulation of wild-type IDH1"", ""D"": ""Isoform switching to IDH2 mutations""}",ABCD
Which molecules interact with NOD2 to regulate its signaling?,"{""A"": ""ATG16L1"", ""B"": ""RIP2"", ""C"": ""HSP70"", ""D"": ""p53""}",ABC
Which kinases are co-targeted with BTK in dual inhibitors to treat AML? (Select all that apply),"{""A"": ""FLT3"", ""B"": ""NR3C1"", ""C"": ""MNK"", ""D"": ""DNMT1""}",AC
Which miRNAs directly target PDCD1 mRNA?,"{""A"": ""miR-28"", ""B"": ""miR-138"", ""C"": ""miR-21"", ""D"": ""miR-374b""}",ABD
Which PARP inhibitor is approved for adjuvant breast cancer therapy? [as of 2024],"{""A"": ""Talazoparib"", ""B"": ""Niraparib"", ""C"": ""Olaparib"", ""D"": ""Veliparib""}",C
Which COMT inhibitor requires dose adjustment in patients with severe renal impairment (creatinine clearance <30 mL/min)?,"{""A"": ""Tolcapone"", ""B"": ""Entacapone"", ""C"": ""Opicapone"", ""D"": ""None of the above""}",D
Which processes contribute to ABCA1 suppression in obesity (as of 2022)?,"{""A"": ""Reduced adiponectin levels"", ""B"": ""Increased PEST domain activity"", ""C"": ""Downregulation of ABCG1"", ""D"": ""Elevated TNFα signaling""}",AD
Which off-target kinases are inhibited by ibrutinib? (Select all that apply),"{""A"": ""EGFR"", ""B"": ""JAK3"", ""C"": ""PI3K"", ""D"": ""ITK""}",ABD
Which molecular form of AChE is predominant in non-AD adult brains?,"{""A"": ""G1 (monomeric)"", ""B"": ""G2 (dimeric)"", ""C"": ""G4 (tetrameric)"", ""D"": ""G0 (inactive)""}",C
Which cell types express NOD2 in cardiovascular diseases?,"{""A"": ""Macrophages"", ""B"": ""Vascular smooth muscle cells (VSMCs)"", ""C"": ""Cardiomyocytes"", ""D"": ""Microglia""}",ABC
Which transcription factors repress PD-1 expression?,"{""A"": ""T-bet"", ""B"": ""Blimp-1"", ""C"": ""STAT5"", ""D"": ""Eomes""}",ABD
Which mechanisms reduce GRα/GRβ ratio in secondary GCR?,"{""A"": ""Pro-inflammatory cytokines (e.g., IL-17)"", ""B"": ""Elevated HSP90 in the nucleus"", ""C"": ""Polymorphisms increasing GRβ stability"", ""D"": ""miR-124 overexpression""}",ACD
Which KIT-targeting TKI is FDA-approved for indolent systemic mastocytosis (ISM)? [as of 2024],"{""A"": ""Imatinib"", ""B"": ""Midostaurin"", ""C"": ""Avapritinib"", ""D"": ""Masitinib""}",C
Which transcription factors directly regulate ABCA1 gene expression (as of 2022)? (Select all that apply),"{""A"": ""Liver-X-Receptor (LXR)"", ""B"": ""Nuclear Factor-κB (NF-κB)"", ""C"": ""Sterol-Responsive Element Binding Protein 2 (SREBP2)"", ""D"": ""Peroxisome Proliferator-Activated Receptor γ (PPARγ)""}",ACD
Which biomarkers are associated with improved responses to PD-1/PD-L1 inhibitors in TNBC?,"{""A"": ""High TMB"", ""B"": ""TP53 mutations"", ""C"": ""Stromal tumor-infiltrating lymphocytes (sTILs)"", ""D"": ""Estrogen receptor expression""}",ABC
Which DRD2 inhibitor was approved by the FDA in 2019?,"{""A"": ""Aripiprazole"", ""B"": ""Lumateperone"", ""C"": ""Haloperidol"", ""D"": ""Quetiapine""}",B
Which diagnostic techniques are validated for detecting MET exon 14 skipping alterations?,"{""A"": ""Amplicon-based NGS"", ""B"": ""Hybrid capture-based NGS"", ""C"": ""RNA sequencing"", ""D"": ""Immunohistochemistry (IHC)""}",BC
Which enzymes are E3 ubiquitin ligases for PD-1?,"{""A"": ""FBW7"", ""B"": ""USP5"", ""C"": ""KLHL22"", ""D"": ""c-Cbl""}",ACD
Which domain of FAK is responsible for its localization to focal adhesions?,"{""A"": ""FERM domain"", ""B"": ""Kinase domain"", ""C"": ""FAT domain"", ""D"": ""SH2 domain""}",C
Which medications can be used to lower FGF23 levels in CKD? [as of 2024],"{""A"": ""Vitamin D analogs"", ""B"": ""Calcimimetics"", ""C"": ""Tenapanor"", ""D"": ""Anti-FGF23 antibodies (burosumab)"", ""E"": ""Non-calcium phosphate binders""}",BCE
Which signaling pathway is activated when ADORA2A is stimulated?,"{""A"": ""Decreased intracellular cAMP"", ""B"": ""Increased intracellular cAMP"", ""C"": ""Activation of Gi proteins"", ""D"": ""Inhibition of Gs proteins""}",B
Which FGF receptor is predominantly involved in FGF23-mediated cardiac hypertrophy?,"{""A"": ""FGFR1"", ""B"": ""FGFR3"", ""C"": ""FGFR4"", ""D"": ""FGFR2""}",C
Which of the following F3 SNPs has been associated with preterm birth?,"{""A"": ""rs3917643"", ""B"": ""rs958587"", ""C"": ""rs610277"", ""D"": ""rs1361600""}",C
Which cancers are associated with PIK3CA amplification (as of 2020)?,"{""A"": ""Ovarian carcinoma"", ""B"": ""Bladder cancer"", ""C"": ""Breast cancer"", ""D"": ""Gastrointestinal stromal tumors""}",AC
Which adverse event is specifically associated with ivosidenib therapy in AML?,"{""A"": ""Neuropathy"", ""B"": ""QTc prolongation"", ""C"": ""Hypothyroidism"", ""D"": ""Pancreatitis""}",B
Which inhibitor blocks CXCL12/CXCR4 to reduce megakaryocyte migration in pulmonary fibrosis?,"{""A"": ""Candesartan"", ""B"": ""WZ811"", ""C"": ""Sorafenib"", ""D"": ""AMD3100""}",B
Which IDH1 inhibitor is currently FDA-approved for advanced cholangiocarcinoma (as of 2022)?,"{""A"": ""Enasidenib"", ""B"": ""BAY1436032"", ""C"": ""Ivosidenib"", ""D"": ""Olutasidenib""}",C
Which cancer type has the highest estimated prevalence of IDH1 mutations as of 2022?,"{""A"": ""Cholangiocarcinoma"", ""B"": ""Gliomas"", ""C"": ""Acute myeloid leukemia (AML)"", ""D"": ""Chondrosarcoma""}",B
Which experimental models demonstrated the role of CTLA-4+ ILC3s in regulating CD80? (Select all that apply),"{""A"": ""C. rodentium infection"", ""B"": ""Anti-CD40-induced colitis"", ""C"": ""Naive T cell transfer colitis"", ""D"": ""Germ-free mouse models""}",AC
Which of the following AChE inhibitors is an allosteric modulator of nicotinic receptors?,"{""A"": ""Donepezil"", ""B"": ""Rivastigmine"", ""C"": ""Galantamine"", ""D"": ""Memantine""}",C
Which cell line modeled low CD19 expression (~200 molecules/cell)?,"{""A"": ""NALM6/WT"", ""B"": ""NALM6/12-39"", ""C"": ""NALM6/12-4"", ""D"": ""Raji""}",C
Which PPAR agonists have shown renal effects in clinical trials?,"{""A"": ""Fenofibrate"", ""B"": ""Lanifibranor"", ""C"": ""Elafibranor"", ""D"": ""Rosiglitazone""}",AC
What tumor-intrinsic effects are induced by EZH2 inhibition?,"{""A"": ""Apoptosis via ERV re-expression"", ""B"": ""Increased tumor cell proliferation"", ""C"": ""ULBP1 upregulation (NK ligand)"", ""D"": ""Enhanced DNA repair capacity""}",AC
Which biological processes are regulated by MAOA in prostate cancer?,"{""A"": ""Epithelial-mesenchymal transition (EMT)"", ""B"": ""Angiogenesis"", ""C"": ""Autophagy"", ""D"": ""DNA repair""}",ABC
Which physiological effects are observed when ADORA2A is blocked in cancer therapy?,"{""A"": ""Increased intracellular cAMP"", ""B"": ""Enhanced T-cell-mediated tumor killing"", ""C"": ""Reduced immunosuppression in the tumor microenvironment"", ""D"": ""Activation of HIF-1α signaling""}",BC
Which structural domain of PDE5 regulates catalytic activity and dimerization?,"{""A"": ""Catalytic domain"", ""B"": ""GAF domains"", ""C"": ""C-terminal domain"", ""D"": ""Kinase domain""}",B
Which pathways are regulated by DNMT1 in TNBC CSCs?,"{""A"": ""ISL1 suppression"", ""B"": ""BCL11A interaction"", ""C"": ""CD80 activation"", ""D"": ""ERα hypermethylation""}",ABD
Which factors stimulate FGF23 production in CKD?,"{""A"": ""Dietary phosphate intake"", ""B"": ""Iron deficiency"", ""C"": ""Elevated serum calcium"", ""D"": ""Inflammation""}",ABCD
What biomarkers correlate with EZH2 inhibition efficacy in preclinical models?,"{""A"": ""High PD-1 expression on stromal T cells"", ""B"": ""Increased H3K27me3 levels"", ""C"": ""Elevated CXCL9/CXCL10 in TME"", ""D"": ""Reduced CDKN2A expression""}",ABC
Which miRNAs are implicated in glucocorticoid resistance by targeting GRα?,"{""A"": ""miR-124"", ""B"": ""miR-142-3p"", ""C"": ""miR-77"", ""D"": ""miR-96"", ""E"": ""miR-131""}",ABD
Which type of solid malignancies has an estimated highest prevalence of PIK3CA mutations?,"{""A"": ""Bladder cancer"", ""B"": ""Endometrial cancer"", ""C"": ""Breast cancer"", ""D"": ""Colorectal cancer""}",B
Which neurodegenerative diseases are directly linked to MAO-B overexpression? (Select all that apply),"{""A"": ""Alzheimer’s disease (AD)"", ""B"": ""Parkinson’s disease (PD)"", ""C"": ""Myocardial infarction"", ""D"": ""Leukemia""}",AB
"Which mutation in hsTYR is associated with complete suppression of its monophenolase activity, leading to oculocutaneous albinism type 1 (OCA1)?","{""A"": ""H304A"", ""B"": ""S380P"", ""C"": ""K306R"", ""D"": ""R308K""}",B
In which cancer type does IDH1 mutation confer a survival advantage?,"{""A"": ""Low-grade glioma"", ""B"": ""AML"", ""C"": ""Chondrosarcoma"", ""D"": ""Glioblastoma""}",ABC
Which of the following risk stratification tools are included in current prostate cancer early detection strategies? (Select all that apply),"{""A"": ""PSA velocity"", ""B"": ""PSA density"", ""C"": ""Family history"", ""D"": ""Risk calculators"", ""E"": ""Multiparametric MRI"", ""F"": ""Prostate Imaging–Reporting and Data System (PI-RADS)""}",BCDEF
What advantages does Dau-d4 have over sitagliptin?,"{""A"": ""Selectively inhibits mDPP4"", ""B"": ""Binds hDPP4 with high affinity"", ""C"": ""Improves glucose tolerance in diabetic mice""}",AC
Which tissues/organs express high levels of BChE?,"{""A"": ""Plasma"", ""B"": ""Liver"", ""C"": ""Skeletal muscle"", ""D"": ""Brain""}",ABD
Which of the following diseases is NOT strongly associated with NOD2 mutations?,"{""A"": ""Crohn’s disease"", ""B"": ""Blau syndrome"", ""C"": ""Guillain-Barré syndrome"", ""D"": ""Type 1 diabetes""}",D
Which of the following outcomes occur when CTLA-4+ ILC3s are absent in mice? (Select all that apply),"{""A"": ""Increased CD80 on myeloid cells"", ""B"": ""Reduced PD-L1 bioavailability"", ""C"": ""Enhanced Treg cell activity"", ""D"": ""Elevated colonic neutrophils""}",ABD
"In human studies, CTLA-4+ ILC3s were altered in which conditions? (Select all that apply)","{""A"": ""Crohn’s disease"", ""B"": ""Ulcerative colitis"", ""C"": ""Cholangiocarcinoma"", ""D"": ""Acute bacterial infections""}",AB
The interaction between CD80 and PD-L1 on myeloid cells occurs in which manner?,"{""A"": ""Trans-interaction"", ""B"": ""Cis-interaction"", ""C"": ""Paracrine signaling"", ""D"": ""Autocrine signaling""}",B
Which of the following AR mutations are associated with resistance to prostate cancer therapies?,"{""A"": ""F877L"", ""B"": ""T878A"", ""C"": ""G1010L"", ""D"": ""Y121S""}",AB
Which PPAR agonist showed reduced stroke risk in the IRIS trial?,"{""A"": ""Fenofibrate"", ""B"": ""Pioglitazone"", ""C"": ""Lanifibranor""}",B
Which of the following adverse events of ibrutinib is likely associated with its inhibition of TEC kinase?,"{""A"": ""Rash"", ""B"": ""Atrial fibrillation"", ""C"": ""Bleeding"", ""D"": ""Diarrhea""}",C
Which BAFF-targeting drugs failed in phase III trials? [as of 2021] (select all that apply),"{""A"": ""Belimumab"", ""B"": ""Tabalumab"", ""C"": ""Atacicept"", ""D"": ""Blisibimod""}",BCD
Which therapies are being investigated in combination with mutant IDH1 inhibitors for AML? [as of 2021] Select all that apply.,"{""A"": ""Azacitidine"", ""B"": ""Venetoclax"", ""C"": ""PARP inhibitors"", ""D"": ""Nivolumab""}",ABD
(As of 2023)Which CFTR mutation class is characterized by impaired channel gating?,"{""A"": ""Class I"", ""B"": ""Class II"", ""C"": ""Class III"", ""D"": ""Class IV""}",C
Which natural compound inhibits the PI3K-Akt-mTOR pathway by reducing p-Akt and p-mTOR levels in non-small cell lung cancer?,"{""A"": ""Curcumin"", ""B"": ""Vitexin"", ""C"": ""Oridonin"", ""D"": ""Arctigenin""}",B
Which mechanism differentiates CTLA-4 inhibitors from PD-1/PD-L1 inhibitors?,"{""A"": ""Targeting later-stage T-cell activation"", ""B"": ""Inhibiting myeloid suppressor cells"", ""C"": ""Blocking initial T-cell priming"", ""D"": ""Enhancing antigen presentation""}",C
Which mutations are linked to ibrutinib resistance?,"{""A"": ""BTK C481S"", ""B"": ""EGFR L858R"", ""C"": ""MYC overexpression"", ""D"": ""CCND1 mutations""}",ACD
Which factors complicate the standardization of MET amplification diagnostics?,"{""A"": ""Variability in assay cut-off values"", ""B"": ""Tumor heterogeneity"", ""C"": ""Lack of consensus on NGS vs. FISH thresholds"", ""D"": ""High cost of testing""}",ABC
What is the primary mechanism by which first- and second-generation BTK inhibitors like ibrutinib and acalabrutinib bind to BTK?,"{""A"": ""Non-covalent interaction with the ATP-binding pocket"", ""B"": ""Covalent binding to cysteine 481 (C481)"", ""C"": ""Degradation via proteolysis-targeting chimera (PROTAC)"", ""D"": ""Inhibition of post-translational modifications""}",B
Which mechanisms are implicated in IGF1R-mediated reduction of oxidative stress in liver fibrosis?,"{""A"": ""activate MAPK/ERK1/2 signaling pathway"", ""B"": ""Inhibition of miR-1"", ""C"": ""Activation of NOX enzymes"", ""D"": ""activate IGF1R/PI3K/AKT signaling pathway""}",ABD
What mechanisms does daratumumab use to target CD38 in autoimmune diseases?,"{""A"": ""Inhibits NAD hydrolysis"", ""B"": ""Promotes antibody-dependent cellular cytotoxicity (ADCC)"", ""C"": ""Blocks CD38 adhesion function"", ""D"": ""Restores NK cell cytotoxic function"", ""E"": ""Enhances mitochondrial autophagy""}",BD
Which signaling pathway is activated by XOR-derived ROS to promote angiogenesis?,"{""A"": ""TGF-β"", ""B"": ""NF-κB"", ""C"": ""JAK-STAT"", ""D"": ""Wnt/β-catenin""}",B
Which domains are part of the BTK protein structure?,"{""A"": ""Tyrosine kinase (TK) domain"", ""B"": ""Pleckstrin homology (PH) domain"", ""C"": ""Nuclear localization signal (NLS) domain"", ""D"": ""Src homology 2 (SH2) domain""}",ABD
Which of the following cyclins partners with CDK4 to drive G1-S phase progression?,"{""A"": ""Cyclin A"", ""B"": ""Cyclin B"", ""C"": ""Cyclin D"", ""D"": ""Cyclin E""}",C
Which FLT3 inhibitor is approved in Japan for relapsed/refractory AML but not by the FDA? [as of 2021],"{""A"": ""Midostaurin"", ""B"": ""Quizartinib"", ""C"": ""Crenolanib"", ""D"": ""Sorafenib""}",B
Which of the following cancer types is MAOA significantly DOWNREGULATED in?,"{""A"": ""Prostate cancer"", ""B"": ""Liver cancer"", ""C"": ""Classic Hodgkin’s lymphoma"", ""D"": ""Breast cancer""}",B
Which stromal components express MAOA and contribute to prostate cancer progression?,"{""A"": ""Tumor-associated macrophages (TAMs)"", ""B"": ""Intratumoral T cells"", ""C"": ""Cancer-associated fibroblasts (CAFs)"", ""D"": ""Endothelial cell""}",ABC
What downstream effects are triggered by AChE-derived peptides?,"{""A"": ""Calcium influx"", ""B"": ""Aβ release"", ""C"": ""Tau dephosphorylation"", ""D"": ""AChE compensatory release""}",ABD
Which assay is recommended over VWF:RCo for measuring VWF activity in the 2021 guidelines?,"{""A"": ""VWF:GPIBR"", ""B"": ""VWF:CB"", ""C"": ""FVIII:C"", ""D"": ""RIPA""}",A
Which multikinase inhibitor has the highest selectivity for VEGFR2 over RET?,"{""A"": ""Cabozantinib"", ""B"": ""Vandetanib"", ""C"": ""Lenvatinib"", ""D"": ""Motesanib""}",D
"In chronic viral infections, which factor sustains PD-1 expression by opposing T-bet?","{""A"": ""Blimp-1"", ""B"": ""FoxO1"", ""C"": ""Eomes"", ""D"": ""NF-Κb""}",BC
Which signaling pathway interacts with DNMT1 to sustain PDAC tumorigenesis?,"{""A"": ""Wnt/β-catenin"", ""B"": ""Hedgehog"", ""C"": ""NF-κB"", ""D"": ""MAPK/ERK""}",B
Which DRD2 inhibitors are approved for bipolar disorder? [as of 2024] (Select all that apply),"{""A"": ""Lumateperone"", ""B"": ""Thioridazine"", ""C"": ""Asenapine"", ""D"": ""Pramipexole""}",AC
Which pathways are involved in IL-23-mediated CTLA-4 induction on ILC3s?,"{""A"": ""FOXO1"", ""B"": ""STAT3"", ""C"": ""NF-κB"", ""D"": ""MAPK""}",AB
Which patient populations show significant benefit from PARP inhibitors beyond germline BRCA1/2 mutations? [as of 2024],"{""A"": ""Somatic BRCA1/2 variants"", ""B"": ""Germline PALB2 alterations"", ""C"": ""ATM-associated tumors"", ""D"": ""CHEK2-associated tumors""}",AB
Which molecular changes occur in the NAc after chronic cocaine exposure? (Select all that apply),"{""A"": ""Increased GluN2B-containing NMDARs"", ""B"": ""Insertion of GluA2-lacking AMPARs"", ""C"": ""Reduced LTD capacity"", ""D"": ""Enhanced LTP induction""}",ABC
Which CD19 residues are critical for binder interactions? (Select all that apply),"{""A"": ""Arg163"", ""B"": ""Lys220"", ""C"": ""Pro222"", ""D"": ""Leu174""}",ABC
"In TNBC, DNMT1 overexpression is driven by:","{""A"": ""Hypomethylation of oncogenes"", ""B"": ""Mutations in ESR1"", ""C"": ""circ-DNMT1-mediated autophagy"", ""D"": ""All of the above""}",C
Which KIT-targeting TKIs inhibit both wild-type and D816V-mutated KIT? (Select all that apply),"{""A"": ""Imatinib"", ""B"": ""Midostaurin"", ""C"": ""Avapritinib"", ""D"": ""Elenestinib""}",BC
Which mutation is strongly associated with de novo resistance to CDK4/6 inhibitors?,"{""A"": ""TP53"", ""B"": ""RB1"", ""C"": ""BRCA1"", ""D"": ""KRAS""}",AB
Which structural features of PCSK9 are critical for its interaction with LDLR?,"{""A"": ""Catalytic domain (CD)"", ""B"": ""C-terminal CHRD domain"", ""C"": ""Prodomain"", ""D"": ""Signal peptide""}",AB
What are the secondary effects of AChE inhibitors in preclinical models of Alzheimer’s disease?,"{""A"": ""Reduced amyloid production"", ""B"": ""Increased neurogenesis"", ""C"": ""Enhanced mitochondrial dysfunction"", ""D"": ""Attenuated neuroinflammation""}",ABD
Which approaches are currently being explored to treat Alzheimer’s disease? [as of 2023] (Select all that apply),"{""A"": ""Amyloid-lowering therapies"", ""B"": ""Tau-targeted therapies"", ""C"": ""Neuroinflammation modulation"", ""D"": ""Gene therapy targeting amyloid precursor protein (APP)"", ""E"": ""Lifestyle modification""}",ABCE
Which natural products exhibit PDE5 inhibitory activity?,"{""A"": ""Icariin (from Epimedium species)"", ""B"": ""Curcumin (from turmeric)"", ""C"": ""Leonurine (from Leonurus artemisia)"", ""D"": ""Quercetin (from Nymphaea pubescens)""}",ABCD
What are the dual roles of uric acid in cancer (select all that apply)?,"{""A"": ""Antioxidant defense"", ""B"": ""Pro-oxidant activity"", ""C"": ""Immune suppression"", ""D"": ""Enhancing glycolysis""}",ABD
Which DRD2 inhibitors act as partial agonists?,"{""A"": ""Aripiprazole"", ""B"": ""Haloperidol"", ""C"": ""Cariprazine"", ""D"": ""Lumateperone""}",ACD
Which of the following compounds have been shown to target ITGβ1 in breast cancer cells? (Select all that apply),"{""A"": ""Tubeimoside V"", ""B"": ""Pimozide"", ""C"": ""Matrine"", ""D"": ""Excisanin A"", ""E"": ""Cisplatin""}",ABCD
Which biomarkers are under investigation to predict PARP inhibitor response beyond BRCA1/2 status?,"{""A"": ""RAD51 foci formation"", ""B"": ""BRCA1 promoter methylation"", ""C"": ""PD-L1 expression"", ""D"": ""HRD score on circulating tumor DNA (ctDNA)""}",ABD
Which signaling pathway is NOT directly regulated by DRD2 activation?,"{""A"": ""cAMP/PKA"", ""B"": ""PI3K/Akt"", ""C"": ""NF-κB"", ""D"": ""MAPK""}",C
Which VWD subtype is inherited recessively?,"{""A"": ""Type 2A"", ""B"": ""Type 2N"", ""C"": ""Type 2M"", ""D"": ""Type 1""}",B
What mechanisms link AChE to Aβ pathology in Alzheimer’s disease? (Select all that apply),"{""A"": ""AChE promotes Aβ fibrilization via its peripheral anionic site"", ""B"": ""AChE inhibits α7 nicotinic receptor activity"", ""C"": ""AChE suppresses insulin signaling"", ""D"": ""AChE overexpression upregulates PS-1-mediated amyloidogenic processing""}",AD
Which mutation is estimated to be present in >90% of patients with primary MCAS?,"{""A"": ""KIT D816V"", ""B"": ""JAK2 V617F"", ""C"": ""BRAF V600E"", ""D"": ""EGFR T790M""}",A
Which biomarkers are used to assess KIT-targeting therapy efficacy in MCAS?,"{""A"": ""Serum tryptase"", ""B"": ""Urinary LTE₄"", ""C"": ""CD117 expression"", ""D"": ""MRGPRX2 levels""}",AC
Which pathological hallmarks of AD are directly linked to AChE activity?,"{""A"": ""Senile plaques"", ""B"": ""Neurofibrillary tangles"", ""C"": ""Astrogliosis"", ""D"": ""Synaptic loss""}",ABD
Which biomarkers are currently lacking validation for novel immune-checkpoint inhibitors?,"{""A"": ""PD-L1 expression"", ""B"": ""TIGIT expression"", ""C"": ""TIM-3 expression"", ""D"": ""Tumor mutational burden""}",BC
Which therapies are used for von Willebrand disease management? [as of 2024] (Select all that apply),"{""A"": ""Desmopressin"", ""B"": ""Recombinant VWF concentrates"", ""C"": ""Emicizumab"", ""D"": ""Platelet transfusions""}",ABD
Which mechanisms contribute to type 1 VWD pathogenesis?,"{""A"": ""Enhanced VWF clearance"", ""B"": ""Impaired VWF storage/secretion"", ""C"": ""Autoantibodies against VWF"", ""D"": ""Reduced VWF synthesis""}",ABD
Which of the following mechanisms activate RET in human cancers? (Select all that apply),"{""A"": ""Chromosomal rearrangements fusing RET kinase domain with dimerization partners"", ""B"": ""Germline missense mutations in the extracellular cysteine-rich domain"", ""C"": ""Somatic mutations at the V804 gatekeeper residue"", ""D"": ""Ligand-independent activation via GDNF binding""}",AB
Which mechanisms contribute to PARP inhibitor resistance?,"{""A"": ""Upregulation of ABC transporters"", ""B"": ""BRCA1 promoter demethylation"", ""C"": ""Overexpression of RAD51"", ""D"": ""Increased PARP1 trapping""}",ABC
What recommendation did the United States Preventive Services Task Force (USPSTF) make regarding PSA screening in 2012?,"{""A"": ""Recommended PSA screening for all men over 40"", ""B"": ""Recommended against screening for all men"", ""C"": ""Recommended screening only for men with family history"", ""D"": ""Recommended individualized testing in well-informed men""}",B
Ketamine’s inhibition of sucrose-seeking behavior is associated with decreased expression of which receptor in the NAc?,"{""A"": ""GluN2B"", ""B"": ""mGluR5"", ""C"": ""GluA1"", ""D"": ""GluN2A""}",B
Which of the following biomarkers are used in the diagnosis of Alzheimer's disease? (Select all that apply),"{""A"": ""Amyloid β (Aβ42)"", ""B"": ""Tau (pTau181)"", ""C"": ""Glial fibrillary acidic protein (GFAP)"", ""D"": ""Neuroinflammation markers"", ""E"": ""Total tau""}",ABE
Which proline-rich motif in CD2’s cytoplasmic domain binds Lck?,"{""A"": ""P1"", ""B"": ""P2"", ""C"": ""P3"", ""D"": ""P4""}",D
Which of the following are limitations of using mushroom tyrosinase (abTYR) to model human tyrosinase (hsTYR) inhibition? (Select all that apply),"{""A"": ""Divergence in active-site residues"", ""B"": ""Lack of glycosylation in abTYR"", ""C"": ""Similar inhibition values for kojic acid and hydroquinone"", ""D"": ""High structural conservation of the 302–310 loop""}",AB
What downstream effects occur when the HTR1A/cAMP pathway is inhibited?,"{""A"": ""Increased neuronal apoptosis"", ""B"": ""Enhanced neuroprotective processes"", ""C"": ""Reduced PKA activity"", ""D"": ""Elevated inflammatory cytokines (e.g., TNF-α, IL-6)""}",ACD
Which therapies are mutation-agnostic?,"{""A"": ""CFTR modulators"", ""B"": ""TMEM16A activators"", ""C"": ""Gene editing"", ""D"": ""Antisense oligonucleotides""}",BC
Which adverse effects are common to both first- and second-generation DRD2 inhibitors?,"{""A"": ""metabolic syndrome"", ""B"": ""Tardive dyskinesia"", ""C"": ""EPS"", ""D"": ""Anaphylactic shock""}",ABC
Which glutamate receptor subunit is specifically increased in the VTA 3 hours after a single cocaine injection?,"{""A"": ""GluA1"", ""B"": ""GluA2"", ""C"": ""GluN2A"", ""D"": ""GluN2C""}",A
Which signaling pathway is directly inhibited by AG8?,"{""A"": ""Wnt"", ""B"": ""ET-1/ETA/YAP"", ""C"": ""Notch"", ""D"": ""TGF-β""}",B
Which glutamate receptor types are directly involved in metaplasticity phenomena in addiction? (Select all that apply),"{""A"": ""NMDA receptors (NMDARs)"", ""B"": ""AMPA receptors (AMPARs)"", ""C"": ""Metabotropic glutamate receptors (mGluRs)"", ""D"": ""Kainate receptors""}",ABC
Which DNMT1 polymorphisms are associated with increased TNBC risk?,"{""A"": ""rs2288349 (C > T in intron 27)"", ""B"": ""rs16999593 (T > C in exon 4)"", ""C"": ""rs2228611 (AG genotype)"", ""D"": ""rs2228612 (GG phenotype)""}",AB
Which of the following is a validated biomarker for CA4 therapy?,"{""A"": ""β-Galactosidase activity"", ""B"": ""HER2 expression"", ""C"": ""Hypoxia-inducible factors"", ""D"": ""PD-L1 levels""}",AC
Which AChE-derived peptide is most potent in inducing calcium influx?,"{""A"": ""T15"", ""B"": ""T14"", ""C"": ""T30"", ""D"": ""Aβ""}",B
Which of the following mechanisms is responsible for PCSK9-mediated LDLR degradation?,"{""A"": ""Ubiquitination of LDLR"", ""B"": ""Direct enzymatic cleavage of LDLR"", ""C"": ""Trafficking LDLR to lysosomes via CAP-1 binding"", ""D"": ""Inhibition of LDLR recycling to the cell surface""}",C
Which cellular mechanisms are implicated in SCN5A-associated DCM (select all that apply)?,"{""A"": ""Increased late sodium current"", ""B"": ""Fibrofatty infiltration of the myocardium"", ""C"": ""Intracellular calcium overload"", ""D"": ""Conduction slowing due to Na+ channel loss""}",ACD
Which biomarker predicts PARP inhibitor sensitivity better than genomic scars?,"{""A"": ""BRCA1 promoter methylation"", ""B"": ""RAD51 foci formation"", ""C"": ""HRD score"", ""D"": ""BRCA2 somatic mutations""}",B
Which pathways are directly activated by IGF1R signaling in liver fibrosis?,"{""A"": ""Wnt/β-catenin"", ""B"": ""PI3K/AKT"", ""C"": ""MAPK/ERK"", ""D"": ""TGF-β/Smad""}",BC
Which residue in MAO-B acts as a 'gate' controlling substrate specificity?,"{""A"": ""Tyr326"", ""B"": ""Ile199"", ""C"": ""Phe168"", ""D"": ""Cys172""}",B
Which of the following AR mutations are commonly found in drug-resistant prostate cancer?,"{""A"": ""F877L"", ""B"": ""T878A"", ""C"": ""Y121S"", ""D"": ""W742L""}",ABD
"In human IBD patients, the frequency of CTLA-4+ ILC3s correlates with which myeloid cell feature?","{""A"": ""Increased CD80 expression"", ""B"": ""Reduced α7 nicotinic receptor activity"", ""C"": ""Elevated free PD-L1 levels"", ""D"": ""Enhanced IL-23 production""}",C
